"Tweet id","Tweet permalink","Tweet text","time","impressions","engagements","engagement rate","retweets","replies","likes","user profile clicks","url clicks","hashtag clicks","detail expands","permalink clicks","app opens","app installs","follows","email tweet","dial phone","media views","media engagements","promoted impressions","promoted engagements","promoted engagement rate","promoted retweets","promoted replies","promoted likes","promoted user profile clicks","promoted url clicks","promoted hashtag clicks","promoted detail expands","promoted permalink clicks","promoted app opens","promoted app installs","promoted follows","promoted email tweet","promoted dial phone","promoted media views","promoted media engagements"
"1134153881171087360","https://twitter.com/cryoEM_Papers/status/1134153881171087360","Cryo-EM structures of herpes simplex virus type 1 portal vertex and packaged genome https://t.co/fic2r7nkBB","2019-05-30 17:45 +0000","2271.0","102.0","0.04491413474240423","1.0","0.0","9.0","5.0","81.0","0.0","6.0","0.0","0","0","0","0","0","0","0","-","-","-","-","-","-","-","-","-","-","-","-","-","-","-","-","-","-"
"1134153859293519872","https://twitter.com/cryoEM_Papers/status/1134153859293519872","Multiple liquid crystalline geometries of highly compacted nucleic acid in a dsRNA virus https://t.co/LvOvxpJWWj","2019-05-30 17:45 +0000","2421.0","69.0","0.028500619578686492","4.0","0.0","11.0","7.0","43.0","0.0","4.0","0.0","0","0","0","0","0","0","0","-","-","-","-","-","-","-","-","-","-","-","-","-","-","-","-","-","-"
"1134153837445390336","https://twitter.com/cryoEM_Papers/status/1134153837445390336","Metabolic control of BRISCâ€“SHMT2 assembly regulates immune signalling https://t.co/0mKNlPAG2C","2019-05-30 17:45 +0000","1596.0","23.0","0.014411027568922305","0.0","0.0","0.0","2.0","21.0","0.0","0.0","0.0","0","0","0","0","0","0","0","-","-","-","-","-","-","-","-","-","-","-","-","-","-","-","-","-","-"
"1134153815484014593","https://twitter.com/cryoEM_Papers/status/1134153815484014593","DNA damage detection in nucleosomes involves DNA register shifting https://t.co/xGjJCubGL2","2019-05-30 17:45 +0000","1695.0","63.0","0.03716814159292035","0.0","0.0","3.0","1.0","56.0","0.0","3.0","0.0","0","0","0","0","0","0","0","-","-","-","-","-","-","-","-","-","-","-","-","-","-","-","-","-","-"
"1134153707354972162","https://twitter.com/cryoEM_Papers/status/1134153707354972162","Structural Basis for the Inhibition of CRISPR-Cas12a by Anti-CRISPR Proteins https://t.co/RLP29n92J2","2019-05-30 17:44 +0000","2706.0","141.0","0.052106430155210645","5.0","0.0","4.0","11.0","107.0","0.0","14.0","0.0","0","0","0","0","0","0","0","-","-","-","-","-","-","-","-","-","-","-","-","-","-","-","-","-","-"
"1134153529654779904","https://twitter.com/cryoEM_Papers/status/1134153529654779904","Two new polymorphic structures of alpha-synuclein solved by cryo-electron microscopy https://t.co/QsRuXoF759","2019-05-30 17:44 +0000","1650.0","64.0","0.03878787878787879","1.0","0.0","2.0","1.0","57.0","0.0","3.0","0.0","0","0","0","0","0","0","0","-","-","-","-","-","-","-","-","-","-","-","-","-","-","-","-","-","-"
"1133553926731575297","https://twitter.com/cryoEM_Papers/status/1133553926731575297","Correction: Cryo-EM Structure of HER2-trastuzumab-pertuzumab complex https://t.co/VXNoA8vqgs","2019-05-29 02:01 +0000","2107.0","80.0","0.037968675842429994","1.0","0.0","1.0","2.0","75.0","0.0","1.0","0.0","0","0","0","0","0","0","0","-","-","-","-","-","-","-","-","-","-","-","-","-","-","-","-","-","-"
"1133553533435883520","https://twitter.com/cryoEM_Papers/status/1133553533435883520","CM01: a facility for cryo-electron microscopy at the European Synchrotron https://t.co/BVVWHs6fVp","2019-05-29 01:59 +0000","4822.0","155.0","0.03214433844877644","12.0","0.0","23.0","8.0","104.0","0.0","8.0","0.0","0","0","0","0","0","0","0","-","-","-","-","-","-","-","-","-","-","-","-","-","-","-","-","-","-"
"1133553344998363136","https://twitter.com/cryoEM_Papers/status/1133553344998363136","Automated cryo-EM sample preparation by pin-printing and jet vitrification https://t.co/vc0M3bdPVc","2019-05-29 01:59 +0000","2900.0","169.0","0.05827586206896552","7.0","0.0","18.0","6.0","134.0","0.0","4.0","0.0","0","0","0","0","0","0","0","-","-","-","-","-","-","-","-","-","-","-","-","-","-","-","-","-","-"
"1133119428357312514","https://twitter.com/cryoEM_Papers/status/1133119428357312514","Multifunctional graphene supports for electron cryomicroscopy [Biochemistry] https://t.co/Wgps00HK89","2019-05-27 21:14 +0000","3323.0","88.0","0.026482094492928078","3.0","0.0","7.0","0.0","65.0","0.0","13.0","0.0","0","0","0","0","0","0","0","-","-","-","-","-","-","-","-","-","-","-","-","-","-","-","-","-","-"
"1133119228712669185","https://twitter.com/cryoEM_Papers/status/1133119228712669185","Structures and mechanism of transcription initiation by bacterial ECF factors https://t.co/25ecWdRSQ6","2019-05-27 21:14 +0000","1945.0","27.0","0.013881748071979434","1.0","0.0","5.0","0.0","21.0","0.0","0.0","0.0","0","0","0","0","0","0","0","-","-","-","-","-","-","-","-","-","-","-","-","-","-","-","-","-","-"
"1133118987531825153","https://twitter.com/cryoEM_Papers/status/1133118987531825153","In situ imaging of the bacterial flagellar motor disassembly and assembly processes https://t.co/K4CjxEwEYS","2019-05-27 21:13 +0000","2153.0","38.0","0.01764979098931723","0.0","0.0","1.0","3.0","33.0","0.0","1.0","0.0","0","0","0","0","0","0","0","-","-","-","-","-","-","-","-","-","-","-","-","-","-","-","-","-","-"
"1133118840861151232","https://twitter.com/cryoEM_Papers/status/1133118840861151232","Structural imaging of native cryo-preserved secondary cell walls reveals presence of macrofibrils composed of cellulose, lignin and xylan. https://t.co/JFsuLswsm5","2019-05-27 21:12 +0000","1668.0","19.0","0.011390887290167866","0.0","0.0","0.0","0.0","19.0","0.0","0.0","0.0","0","0","0","0","0","0","0","-","-","-","-","-","-","-","-","-","-","-","-","-","-","-","-","-","-"
"1133118809164771329","https://twitter.com/cryoEM_Papers/status/1133118809164771329","Molecular organization of soluble type III secretion system sorting platform complexes https://t.co/XJrO2aIv1d","2019-05-27 21:12 +0000","1550.0","32.0","0.02064516129032258","0.0","0.0","0.0","3.0","29.0","0.0","0.0","0.0","0","0","0","0","0","0","0","-","-","-","-","-","-","-","-","-","-","-","-","-","-","-","-","-","-"
"1133118784850366464","https://twitter.com/cryoEM_Papers/status/1133118784850366464","A novel inhibitor of complement C5 provides structural insights into activation https://t.co/6NGFXokgp7","2019-05-27 21:12 +0000","1624.0","37.0","0.022783251231527094","0.0","0.0","1.0","1.0","33.0","0.0","2.0","0.0","0","0","0","0","0","0","0","-","-","-","-","-","-","-","-","-","-","-","-","-","-","-","-","-","-"
"1133118745310720000","https://twitter.com/cryoEM_Papers/status/1133118745310720000","Electron cryo-microscopy of Bacteriophage PR772 reveals the composition and structure of the elusive vertex complex and the capsid architecture https://t.co/0qbY8jwx6I","2019-05-27 21:12 +0000","2587.0","72.0","0.027831465017394665","2.0","0.0","5.0","3.0","57.0","0.0","5.0","0.0","0","0","0","0","0","0","0","-","-","-","-","-","-","-","-","-","-","-","-","-","-","-","-","-","-"
"1131628781112684545","https://twitter.com/cryoEM_Papers/status/1131628781112684545","Live-Cell Structural Biology to Solve Biological Mechanisms: The Case of the Exocyst https://t.co/sRXjHh7PSA","2019-05-23 18:31 +0000","5945.0","280.0","0.04709840201850295","8.0","0.0","15.0","15.0","229.0","0.0","13.0","0.0","0","0","0","0","0","0","0","-","-","-","-","-","-","-","-","-","-","-","-","-","-","-","-","-","-"
"1131628635608084485","https://twitter.com/cryoEM_Papers/status/1131628635608084485","Structural characterization of tau in fuzzy tau:tubulin complexes https://t.co/Tid0PuRuMU","2019-05-23 18:31 +0000","1952.0","76.0","0.0389344262295082","0.0","0.0","0.0","2.0","74.0","0.0","0.0","0.0","0","0","0","0","0","0","0","-","-","-","-","-","-","-","-","-","-","-","-","-","-","-","-","-","-"
"1131312751333105664","https://twitter.com/cryoEM_Papers/status/1131312751333105664","Structural and mechanistic elucidation of inflammasome signaling by cryo-EM https://t.co/fORummYhbl","2019-05-22 21:35 +0000","2599.0","143.0","0.05502116198537899","2.0","0.0","10.0","6.0","115.0","0.0","10.0","0.0","0","0","0","0","0","0","0","-","-","-","-","-","-","-","-","-","-","-","-","-","-","-","-","-","-"
"1131312707607490565","https://twitter.com/cryoEM_Papers/status/1131312707607490565","Mechanism of completion of peptidyltransferase centre assembly in eukaryotes https://t.co/JuWNLUmSFa","2019-05-22 21:35 +0000","2461.0","38.0","0.015440877691995123","1.0","0.0","2.0","3.0","30.0","0.0","2.0","0.0","0","0","0","0","0","0","0","-","-","-","-","-","-","-","-","-","-","-","-","-","-","-","-","-","-"
"1131312682588467200","https://twitter.com/cryoEM_Papers/status/1131312682588467200","The Chimpanzee SIV Envelope Trimer: Structure and Deployment as an HIV Vaccine Template https://t.co/xQMQFKUwdj https://t.co/yLN5WBNNIU","2019-05-22 21:35 +0000","2407.0","109.0","0.04528458662235148","4.0","0.0","10.0","0.0","44.0","0.0","12.0","0.0","0","0","0","0","0","39","39","-","-","-","-","-","-","-","-","-","-","-","-","-","-","-","-","-","-"
"1130955099876937728","https://twitter.com/cryoEM_Papers/status/1130955099876937728","Effects of {alpha}-tubulin acetylation on microtubule structure and stability [Biophysics and Computational Biology] https://t.co/6ZpZzVuO55","2019-05-21 21:54 +0000","2058.0","23.0","0.011175898931000973","0.0","0.0","1.0","1.0","21.0","0.0","0.0","0.0","0","0","0","0","0","0","0","-","-","-","-","-","-","-","-","-","-","-","-","-","-","-","-","-","-"
"1130954690424795136","https://twitter.com/cryoEM_Papers/status/1130954690424795136","In situ imaging of the bacterial flagellar motor disassembly and assembly processes https://t.co/zXnBHRGtKn","2019-05-21 21:53 +0000","2651.0","56.0","0.021124104111655977","1.0","0.0","7.0","2.0","46.0","0.0","0.0","0.0","0","0","0","0","0","0","0","-","-","-","-","-","-","-","-","-","-","-","-","-","-","-","-","-","-"
"1130954516839321600","https://twitter.com/cryoEM_Papers/status/1130954516839321600","The TFIIH components p44/p62 act as a damage sensor during nucleotide excision repair https://t.co/KpLg15a1nx","2019-05-21 21:52 +0000","2188.0","40.0","0.018281535648994516","1.0","1.0","3.0","3.0","31.0","0.0","1.0","0.0","0","0","0","0","0","0","0","-","-","-","-","-","-","-","-","-","-","-","-","-","-","-","-","-","-"
"1130954495184125953","https://twitter.com/cryoEM_Papers/status/1130954495184125953","Automated interpretation of Cryo-EM density maps with convolutional neural networks https://t.co/veFRfCE9Uq","2019-05-21 21:52 +0000","3342.0","238.0","0.07121484141232795","8.0","0.0","32.0","5.0","173.0","0.0","20.0","0.0","0","0","0","0","0","0","0","-","-","-","-","-","-","-","-","-","-","-","-","-","-","-","-","-","-"
"1130511634823172096","https://twitter.com/cryoEM_Papers/status/1130511634823172096","Effect of Processing and End Groups on the Crystal Structure of Polypeptoids Studied by Cryogenic Electron Microscopy at Atomic Length Scales https://t.co/KOXGa1R1kA","2019-05-20 16:32 +0000","2063.0","11.0","0.005332040717401842","0.0","0.0","1.0","0.0","7.0","0.0","3.0","0.0","0","0","0","0","0","0","0","-","-","-","-","-","-","-","-","-","-","-","-","-","-","-","-","-","-"
"1130511332560625664","https://twitter.com/cryoEM_Papers/status/1130511332560625664","An extensively glycosylated archaeal pilus survives extreme conditions https://t.co/gLFvFiPx41","2019-05-20 16:31 +0000","2478.0","129.0","0.05205811138014528","1.0","0.0","10.0","3.0","110.0","0.0","5.0","0.0","0","0","0","0","0","0","0","-","-","-","-","-","-","-","-","-","-","-","-","-","-","-","-","-","-"
"1130511204391067653","https://twitter.com/cryoEM_Papers/status/1130511204391067653","Transcription preinitiation complex structure and dynamics provide insight into genetic diseases https://t.co/wvj1yJAicZ","2019-05-20 16:30 +0000","2310.0","142.0","0.06147186147186147","3.0","0.0","6.0","3.0","126.0","0.0","4.0","0.0","0","0","0","0","0","0","0","-","-","-","-","-","-","-","-","-","-","-","-","-","-","-","-","-","-"
"1130511132555276288","https://twitter.com/cryoEM_Papers/status/1130511132555276288","Late steps in bacterial translation initiation visualized using time-resolved cryo-EM https://t.co/WeHfYJrh2Z","2019-05-20 16:30 +0000","1885.0","84.0","0.04456233421750663","1.0","0.0","6.0","1.0","72.0","0.0","3.0","0.0","0","0","1","0","0","0","0","-","-","-","-","-","-","-","-","-","-","-","-","-","-","-","-","-","-"
"1129850329049120768","https://twitter.com/cryoEM_Papers/status/1129850329049120768","In situ structures of rotavirus polymerase in action and mechanism of mRNA transcription and release https://t.co/zjHMO2QS1T","2019-05-18 20:44 +0000","4010.0","333.0","0.08304239401496259","8.0","0.0","23.0","22.0","255.0","0.0","25.0","0.0","0","0","0","0","0","0","0","-","-","-","-","-","-","-","-","-","-","-","-","-","-","-","-","-","-"
"1129442997601427456","https://twitter.com/cryoEM_Papers/status/1129442997601427456","Mammalian retromer is an adaptable scaffold for cargo sorting from endosomes https://t.co/lgZutn72pU","2019-05-17 17:46 +0000","2151.0","43.0","0.0199907019990702","0.0","0.0","1.0","2.0","40.0","0.0","0.0","0.0","0","0","0","0","0","0","0","-","-","-","-","-","-","-","-","-","-","-","-","-","-","-","-","-","-"
"1129442963694575616","https://twitter.com/cryoEM_Papers/status/1129442963694575616","Structural basis for tetherin antagonism as a barrier to zoonotic lentiviral transmission https://t.co/zPHVePLP36","2019-05-17 17:46 +0000","2078.0","58.0","0.02791145332050048","0.0","0.0","0.0","2.0","52.0","0.0","4.0","0.0","0","0","0","0","0","0","0","-","-","-","-","-","-","-","-","-","-","-","-","-","-","-","-","-","-"
"1129442937442406406","https://twitter.com/cryoEM_Papers/status/1129442937442406406","Methods Matter -- Standard Production Platforms For Recombinant AAV Can Produce Chemically And Functionally Distinct Vectors https://t.co/Iar6SY9HSH","2019-05-17 17:45 +0000","2133.0","18.0","0.008438818565400843","1.0","0.0","2.0","0.0","13.0","0.0","2.0","0.0","0","0","0","0","0","0","0","-","-","-","-","-","-","-","-","-","-","-","-","-","-","-","-","-","-"
"1128759304297693184","https://twitter.com/cryoEM_Papers/status/1128759304297693184","The role of pH, metal ions and their hydroxides in charge reversal of protein-coated nanoparticles https://t.co/TP1xgLwxN0 https://t.co/5FPqnfdeJX","2019-05-15 20:29 +0000","2027.0","24.0","0.011840157868771583","1.0","0.0","0.0","0.0","13.0","0.0","1.0","0.0","0","0","0","0","0","9","9","-","-","-","-","-","-","-","-","-","-","-","-","-","-","-","-","-","-"
"1128758808681992193","https://twitter.com/cryoEM_Papers/status/1128758808681992193","In situ and high-resolution cryo-EM structure of a bacterial type VI secretion system membrane complex https://t.co/9qrzp4aDoD","2019-05-15 20:27 +0000","2390.0","99.0","0.04142259414225941","1.0","0.0","6.0","5.0","86.0","0.0","1.0","0.0","0","0","0","0","0","0","0","-","-","-","-","-","-","-","-","-","-","-","-","-","-","-","-","-","-"
"1128758761638600704","https://twitter.com/cryoEM_Papers/status/1128758761638600704","Symmetry transitions during gating of the TRPV2 ion channel in lipid membranes https://t.co/eJvNiabyYW","2019-05-15 20:27 +0000","1912.0","28.0","0.014644351464435146","0.0","0.0","0.0","1.0","27.0","0.0","0.0","0.0","0","0","0","0","0","0","0","-","-","-","-","-","-","-","-","-","-","-","-","-","-","-","-","-","-"
"1128758713181818880","https://twitter.com/cryoEM_Papers/status/1128758713181818880","Structural Basis of Transcription: RNA Polymerase Backtracking and Its Reactivation https://t.co/QdaQcMq0xs","2019-05-15 20:27 +0000","1748.0","53.0","0.03032036613272311","0.0","0.0","1.0","0.0","51.0","0.0","1.0","0.0","0","0","0","0","0","0","0","-","-","-","-","-","-","-","-","-","-","-","-","-","-","-","-","-","-"
"1128758657754124288","https://twitter.com/cryoEM_Papers/status/1128758657754124288","Mammalian Respiratory Complex I Through the Lens of Cryo-EM https://t.co/zW4doHl4M5","2019-05-15 20:26 +0000","1904.0","35.0","0.01838235294117647","0.0","0.0","5.0","0.0","30.0","0.0","0.0","0.0","0","0","0","0","0","0","0","-","-","-","-","-","-","-","-","-","-","-","-","-","-","-","-","-","-"
"1128758635939520512","https://twitter.com/cryoEM_Papers/status/1128758635939520512","How Good Can Single-Particle Cryo-EM Become? What Remains Before It Approaches Its Physical Limits? https://t.co/n7DiXlVAi6","2019-05-15 20:26 +0000","4307.0","233.0","0.054097980032505225","8.0","0.0","26.0","5.0","186.0","0.0","8.0","0.0","0","0","0","0","0","0","0","-","-","-","-","-","-","-","-","-","-","-","-","-","-","-","-","-","-"
"1128758527290249217","https://twitter.com/cryoEM_Papers/status/1128758527290249217","Electron cryomicroscopy observation of acyl carrier protein translocation in type I fungal fatty acid synthase https://t.co/zvh7S7Zw1F","2019-05-15 20:26 +0000","1854.0","24.0","0.012944983818770227","0.0","0.0","0.0","0.0","24.0","0.0","0.0","0.0","0","0","0","0","0","0","0","-","-","-","-","-","-","-","-","-","-","-","-","-","-","-","-","-","-"
"1128758498651586560","https://twitter.com/cryoEM_Papers/status/1128758498651586560","A role for the Saccharomyces cerevisiae ABCF protein New1 during translation termination https://t.co/RYoFJ8ZTQB","2019-05-15 20:26 +0000","1624.0","22.0","0.013546798029556651","0.0","0.0","0.0","0.0","22.0","0.0","0.0","0.0","0","0","0","0","0","0","0","-","-","-","-","-","-","-","-","-","-","-","-","-","-","-","-","-","-"
"1128758474609840128","https://twitter.com/cryoEM_Papers/status/1128758474609840128","Cryo-EM structure of the ClpXP protein degradation machinery https://t.co/CFsrSaZtBx","2019-05-15 20:26 +0000","1863.0","76.0","0.04079441760601181","1.0","0.0","3.0","0.0","67.0","0.0","5.0","0.0","0","0","0","0","0","0","0","-","-","-","-","-","-","-","-","-","-","-","-","-","-","-","-","-","-"
"1128758452707135488","https://twitter.com/cryoEM_Papers/status/1128758452707135488","Cryo-EM structure of the MinCD copolymeric filament from Pseudomonas aeruginosa at 3.1 A resolution https://t.co/oLVMDgHWYE","2019-05-15 20:26 +0000","1556.0","22.0","0.014138817480719794","0.0","0.0","1.0","2.0","19.0","0.0","0.0","0.0","0","0","0","0","0","0","0","-","-","-","-","-","-","-","-","-","-","-","-","-","-","-","-","-","-"
"1128083637855875073","https://twitter.com/cryoEM_Papers/status/1128083637855875073","Non-Uniformity of Projection Distributions Attenuates Resolution in Cryo-EM https://t.co/RYfrJqkQtL","2019-05-13 23:44 +0000","2473.0","108.0","0.043671653861706426","1.0","0.0","9.0","6.0","85.0","0.0","7.0","0.0","0","0","0","0","0","0","0","-","-","-","-","-","-","-","-","-","-","-","-","-","-","-","-","-","-"
"1127321087681818624","https://twitter.com/cryoEM_Papers/status/1127321087681818624","Atomistic modeling towards predictive cardiotoxicity https://t.co/lbZ3szMLvx","2019-05-11 21:14 +0000","3297.0","26.0","0.007885956930542918","0.0","0.0","0.0","2.0","23.0","0.0","1.0","0.0","0","0","0","0","0","0","0","-","-","-","-","-","-","-","-","-","-","-","-","-","-","-","-","-","-"
"1126886735571382272","https://twitter.com/cryoEM_Papers/status/1126886735571382272","Effects of {alpha}-tubulin acetylation on microtubule structure and stability [Biophysics and Computational Biology] https://t.co/m6RzI00uJa","2019-05-10 16:28 +0000","2305.0","30.0","0.013015184381778741","0.0","0.0","5.0","0.0","24.0","0.0","1.0","0.0","0","0","0","0","0","0","0","-","-","-","-","-","-","-","-","-","-","-","-","-","-","-","-","-","-"
"1126886531149336577","https://twitter.com/cryoEM_Papers/status/1126886531149336577","Ice-cold realities https://t.co/80lCcVqsyO","2019-05-10 16:27 +0000","1952.0","120.0","0.06147540983606557","0.0","0.0","5.0","0.0","110.0","0.0","5.0","0.0","0","0","0","0","0","0","0","-","-","-","-","-","-","-","-","-","-","-","-","-","-","-","-","-","-"
"1126886275653324802","https://twitter.com/cryoEM_Papers/status/1126886275653324802","The Structural Basis for the Binding of Repaglinide to the Pancreatic KATP Channel https://t.co/F88XbSAL2D https://t.co/dEAdt44nfi","2019-05-10 16:26 +0000","1954.0","74.0","0.037871033776867964","0.0","0.0","3.0","5.0","40.0","0.0","8.0","0.0","0","0","0","0","0","18","18","-","-","-","-","-","-","-","-","-","-","-","-","-","-","-","-","-","-"
"1126886197060489217","https://twitter.com/cryoEM_Papers/status/1126886197060489217","Glycosylation of the viral attachment protein of avian coronavirus is essential for host cell and receptor binding [Molecular Bases of Disease] https://t.co/0oSblNgJMz","2019-05-10 16:26 +0000","1997.0","10.0","0.005007511266900351","0.0","0.0","1.0","3.0","6.0","0.0","0.0","0.0","0","0","0","0","0","0","0","-","-","-","-","-","-","-","-","-","-","-","-","-","-","-","-","-","-"
"1126886115690999809","https://twitter.com/cryoEM_Papers/status/1126886115690999809","Shake-it-off: A simple ultrasonic cryo-EM specimen preparation device https://t.co/UsfrIr8CBO","2019-05-10 16:26 +0000","4389.0","148.0","0.033720665299612665","10.0","0.0","20.0","12.0","93.0","0.0","13.0","0.0","0","0","0","0","0","0","0","-","-","-","-","-","-","-","-","-","-","-","-","-","-","-","-","-","-"
"1126526409327824896","https://twitter.com/cryoEM_Papers/status/1126526409327824896","Regulatory switch at the cytoplasmic interface controls TRPV channel gating https://t.co/t26FbK8mcv","2019-05-09 16:36 +0000","2413.0","75.0","0.03108164111065064","2.0","0.0","4.0","11.0","56.0","0.0","2.0","0.0","0","0","0","0","0","0","0","-","-","-","-","-","-","-","-","-","-","-","-","-","-","-","-","-","-"
"1126526369154752514","https://twitter.com/cryoEM_Papers/status/1126526369154752514","Structure of the DNA-Bound Spacer Capture Complex of a Type II CRISPR-Cas System https://t.co/58UNDrPtzl","2019-05-09 16:36 +0000","3208.0","118.0","0.03678304239401496","2.0","0.0","11.0","3.0","95.0","0.0","7.0","0.0","0","0","0","0","0","0","0","-","-","-","-","-","-","-","-","-","-","-","-","-","-","-","-","-","-"
"1126526343493980160","https://twitter.com/cryoEM_Papers/status/1126526343493980160","Fusion of DARPin to Aldolase Enables Visualization of Small Protein by Cryo-EM https://t.co/tQpRgPa869","2019-05-09 16:36 +0000","2347.0","114.0","0.04857264593097571","3.0","0.0","5.0","6.0","98.0","0.0","2.0","0.0","0","0","0","0","0","0","0","-","-","-","-","-","-","-","-","-","-","-","-","-","-","-","-","-","-"
"1126526318336602118","https://twitter.com/cryoEM_Papers/status/1126526318336602118","Cryo-EM Structure of Chikungunya Virus in Complex with the Mxra8 Receptor https://t.co/BxQWN48Mqc","2019-05-09 16:36 +0000","8774.0","417.0","0.04752678367905174","27.0","0.0","42.0","30.0","283.0","0.0","35.0","0.0","0","0","0","0","0","0","0","-","-","-","-","-","-","-","-","-","-","-","-","-","-","-","-","-","-"
"1126167741449129984","https://twitter.com/cryoEM_Papers/status/1126167741449129984","Microtubule assembly from single flared protofilaments - forget the cozy corner? https://t.co/ryDtrW0fOx","2019-05-08 16:51 +0000","2909.0","94.0","0.03231350979718116","1.0","0.0","4.0","5.0","84.0","0.0","0.0","0.0","0","0","0","0","0","0","0","-","-","-","-","-","-","-","-","-","-","-","-","-","-","-","-","-","-"
"1125938716839559169","https://twitter.com/cryoEM_Papers/status/1125938716839559169","@B3njaminHimes No fightin', no fightin', no fightin'","2019-05-08 01:41 +0000","325.0","3.0","0.009230769230769232","0.0","0.0","0.0","1.0","0.0","0.0","2.0","0.0","0","0","0","0","0","0","0","-","-","-","-","-","-","-","-","-","-","-","-","-","-","-","-","-","-"
"1125803301167964160","https://twitter.com/cryoEM_Papers/status/1125803301167964160","Heme minimizes Parkinson\'s disease-associated toxicity by inducing a conformational distortion in the oligomers of alpha-Synuclein https://t.co/G3P5kAhIJF","2019-05-07 16:43 +0000","2239.0","47.0","0.020991514068780706","1.0","0.0","1.0","4.0","38.0","0.0","3.0","0.0","0","0","0","0","0","0","0","-","-","-","-","-","-","-","-","-","-","-","-","-","-","-","-","-","-"
"1125803269362569221","https://twitter.com/cryoEM_Papers/status/1125803269362569221","Structural basis of TFIIH activation for nucleotide excision repair https://t.co/6cFaTduoJv","2019-05-07 16:43 +0000","1929.0","63.0","0.03265940902021773","0.0","0.0","3.0","3.0","53.0","0.0","4.0","0.0","0","0","0","0","0","0","0","-","-","-","-","-","-","-","-","-","-","-","-","-","-","-","-","-","-"
"1125592028673216512","https://twitter.com/cryoEM_Papers/status/1125592028673216512","Correlative SMLM and electron tomography reveals endosome nanoscale domains https://t.co/pA5jXT2ehr","2019-05-07 02:43 +0000","2225.0","62.0","0.027865168539325844","1.0","0.0","3.0","0.0","55.0","0.0","3.0","0.0","0","0","0","0","0","0","0","-","-","-","-","-","-","-","-","-","-","-","-","-","-","-","-","-","-"
"1125466525899452416","https://twitter.com/cryoEM_Papers/status/1125466525899452416","High-resolution archaellum structure reveals a conserved metal-binding site https://t.co/oPaTHkT8dP","2019-05-06 18:25 +0000","2387.0","59.0","0.024717218265605363","0.0","0.0","4.0","4.0","50.0","0.0","1.0","0.0","0","0","0","0","0","0","0","-","-","-","-","-","-","-","-","-","-","-","-","-","-","-","-","-","-"
"1125466133832691713","https://twitter.com/cryoEM_Papers/status/1125466133832691713","The structure of the yeast Ctf3 complex https://t.co/ax0DAQIwFU","2019-05-06 18:23 +0000","2003.0","70.0","0.034947578632051925","0.0","0.0","2.0","1.0","57.0","0.0","10.0","0.0","0","0","0","0","0","0","0","-","-","-","-","-","-","-","-","-","-","-","-","-","-","-","-","-","-"
"1125091410837794816","https://twitter.com/cryoEM_Papers/status/1125091410837794816","Structural mechanism for regulation of the AAA-ATPases RUVBL1-RUVBL2 in the R2TP co-chaperone revealed by cryo-EM https://t.co/0uH4QppSqX","2019-05-05 17:34 +0000","2733.0","73.0","0.026710574460300035","3.0","0.0","8.0","5.0","49.0","0.0","8.0","0.0","0","0","0","0","0","0","0","-","-","-","-","-","-","-","-","-","-","-","-","-","-","-","-","-","-"
"1125091310728241153","https://twitter.com/cryoEM_Papers/status/1125091310728241153","Structural basis for neutralization of hepatitis A virus informs a rational design of highly potent inhibitors https://t.co/ik1QTLpHUs","2019-05-05 17:34 +0000","2038.0","12.0","0.005888125613346418","0.0","0.0","3.0","3.0","6.0","0.0","0.0","0.0","0","0","0","0","0","0","0","-","-","-","-","-","-","-","-","-","-","-","-","-","-","-","-","-","-"
"1125091107077910528","https://twitter.com/cryoEM_Papers/status/1125091107077910528","Structural and biochemical analyses of the nuclear pore complex component ELYS identify residues responsible for nucleosome binding https://t.co/rp0rFfhIbq","2019-05-05 17:33 +0000","2053.0","79.0","0.038480272771553824","0.0","0.0","3.0","1.0","68.0","0.0","7.0","0.0","0","0","0","0","0","0","0","-","-","-","-","-","-","-","-","-","-","-","-","-","-","-","-","-","-"
"1125090917545697280","https://twitter.com/cryoEM_Papers/status/1125090917545697280","Visualizing membrane trafficking through the electron microscope: cryo-tomography of coat complexes https://t.co/FjZAq4OqYy","2019-05-05 17:32 +0000","3770.0","232.0","0.06153846153846154","6.0","0.0","25.0","10.0","175.0","0.0","16.0","0.0","0","0","0","0","0","0","0","-","-","-","-","-","-","-","-","-","-","-","-","-","-","-","-","-","-"
"1125090823291322368","https://twitter.com/cryoEM_Papers/status/1125090823291322368","Structure and Assembly of the Enterohemorrhagic Escherichia coli Type 4 Pilus https://t.co/APR8htQUvR","2019-05-05 17:32 +0000","1765.0","55.0","0.031161473087818695","1.0","0.0","3.0","0.0","48.0","0.0","3.0","0.0","0","0","0","0","0","0","0","-","-","-","-","-","-","-","-","-","-","-","-","-","-","-","-","-","-"
"1125090765707681795","https://twitter.com/cryoEM_Papers/status/1125090765707681795","Structural differences between the Woodchuck hepatitis virus core protein in dimer and capsid states are consistent with entropic and conformational regulation of assembly [Structure and Assembly] https://t.co/MtF4UPkJke","2019-05-05 17:31 +0000","1610.0","12.0","0.007453416149068323","0.0","0.0","2.0","0.0","9.0","0.0","1.0","0.0","0","0","0","0","0","0","0","-","-","-","-","-","-","-","-","-","-","-","-","-","-","-","-","-","-"
"1125090657414942720","https://twitter.com/cryoEM_Papers/status/1125090657414942720","Visualizing movements in E. coli F1Fo ATP synthase indicates how the F1 and Fo motors are coupled https://t.co/PYFv0Y9FeD","2019-05-05 17:31 +0000","1681.0","33.0","0.019631171921475312","0.0","0.0","0.0","1.0","30.0","0.0","2.0","0.0","0","0","0","0","0","0","0","-","-","-","-","-","-","-","-","-","-","-","-","-","-","-","-","-","-"
"1125090635579453440","https://twitter.com/cryoEM_Papers/status/1125090635579453440","Structural basis for the transport mechanism of the human glutamine transporter SLC1A5 (ASCT2) https://t.co/1QJMwuHIFX","2019-05-05 17:31 +0000","1995.0","78.0","0.039097744360902256","1.0","0.0","7.0","0.0","65.0","0.0","5.0","0.0","0","0","0","0","0","0","0","-","-","-","-","-","-","-","-","-","-","-","-","-","-","-","-","-","-"
"1125090607112679425","https://twitter.com/cryoEM_Papers/status/1125090607112679425","Multi-scale Computational Modeling of Tubulin-Tubulin Lateral Interaction https://t.co/xhvS6uj9Ql","2019-05-05 17:31 +0000","1550.0","21.0","0.013548387096774193","0.0","0.0","0.0","1.0","20.0","0.0","0.0","0.0","0","0","0","0","0","0","0","-","-","-","-","-","-","-","-","-","-","-","-","-","-","-","-","-","-"
"1125090585121964032","https://twitter.com/cryoEM_Papers/status/1125090585121964032","Throughput and Resolution with a Next Generation Direct Electron Detector https://t.co/UtrUgwrzS2","2019-05-05 17:31 +0000","1891.0","123.0","0.06504494976203067","3.0","0.0","7.0","4.0","106.0","0.0","3.0","0.0","0","0","0","0","0","0","0","-","-","-","-","-","-","-","-","-","-","-","-","-","-","-","-","-","-"
"1125090552364453889","https://twitter.com/cryoEM_Papers/status/1125090552364453889","Reevaluation of the RNA binding properties of the Tetrahymena thermophila telomerase reverse transcriptase N-terminal domain https://t.co/3Me4l8naFT","2019-05-05 17:31 +0000","1309.0","13.0","0.009931245225362872","0.0","0.0","0.0","0.0","12.0","0.0","1.0","0.0","0","0","0","0","0","0","0","-","-","-","-","-","-","-","-","-","-","-","-","-","-","-","-","-","-"
"1125090530575052800","https://twitter.com/cryoEM_Papers/status/1125090530575052800","Separating distinct structures of multiple macromolecular assemblies from cryo-EM projections https://t.co/SPv9bnqLfo","2019-05-05 17:31 +0000","2104.0","157.0","0.07461977186311787","6.0","0.0","9.0","4.0","123.0","0.0","15.0","0.0","0","0","0","0","0","0","0","-","-","-","-","-","-","-","-","-","-","-","-","-","-","-","-","-","-"
